Workbook

Sheet DanhSach
A1: Mã BĐS | B1: Tên bất động sản | C1: Mã loại | D1: Diện tích (m2) | E1: Giá khởi điểm (VNĐ) | F1: Chiết khấu | G1: Giá sau chiết khấu (VNĐ) | H1: Giá thuê/tháng (VNĐ) | I1: Tỷ lệ hoa hồng | J1: Hoa hồng môi giới (VNĐ)
A2: BDS001 | B2: Căn hộ Q7 2PN | C2: CC | D2: 70 | E2: 3200000000 | F2: =GiaDinh!$B$3 -> 0.05 | G2: =E2*(1-F2) -> 3040000000 | H2: =G2*GiaDinh!$B$2 -> 12160000 | I2: =VLOOKUP(C2,HoaHong!$A$2:$C$5,3,FALSE()) -> 0.02 | J2: =G2*I2 -> 60800000
A3: BDS002 | B3: Nhà phố Thủ Đức | C3: NP | D3: 90 | E3: 6800000000 | F3: =GiaDinh!$B$3 -> 0.05 | G3: =E3*(1-F3) -> 6460000000 | H3: =G3*GiaDinh!$B$2 -> 25840000 | I3: =VLOOKUP(C3,HoaHong!$A$2:$C$5,3,FALSE()) -> 0.015 | J3: =G3*I3 -> 96900000
A4: BDS003 | B4: Biệt thự Bình Chánh | C4: BT | D4: 250 | E4: 15000000000 | F4: =GiaDinh!$B$3 -> 0.05 | G4: =E4*(1-F4) -> 14250000000 | H4: =G4*GiaDinh!$B$2 -> 57000000 | I4: =VLOOKUP(C4,HoaHong!$A$2:$C$5,3,FALSE()) -> 0.01 | J4: =G4*I4 -> 142500000
A5: BDS004 | B5: Đất nền Nhơn Trạch | C5: DT | D5: 100 | E5: 2500000000 | F5: =GiaDinh!$B$3 -> 0.05 | G5: =E5*(1-F5) -> 2375000000 | H5: =G5*GiaDinh!$B$2 -> 9500000 | I5: =VLOOKUP(C5,HoaHong!$A$2:$C$5,3,FALSE()) -> 0.025 | J5: =G5*I5 -> 59375000
A6: BDS005 | B6: Căn hộ Bình Thạnh 1PN | C6: CC | D6: 50 | E6: 2400000000 | F6: =GiaDinh!$B$3 -> 0.05 | G6: =E6*(1-F6) -> 2280000000 | H6: =G6*GiaDinh!$B$2 -> 9120000 | I6: =VLOOKUP(C6,HoaHong!$A$2:$C$5,3,FALSE()) -> 0.02 | J6: =G6*I6 -> 45600000
A7: BDS006 | B7: Nhà phố Gò Vấp | C7: NP | D7: 72 | E7: 5200000000 | F7: =GiaDinh!$B$3 -> 0.05 | G7: =E7*(1-F7) -> 4940000000 | H7: =G7*GiaDinh!$B$2 -> 19760000 | I7: =VLOOKUP(C7,HoaHong!$A$2:$C$5,3,FALSE()) -> 0.015 | J7: =G7*I7 -> 74100000
A9: Chú thích: chữ xanh = dữ liệu nhập; không Merge Cell; mỗi cột là 1 Field, mỗi dòng là 1 Record. Mã BĐS 001–006 là dữ liệu minh họa.

Sheet HoaHong
A1: Mã loại | B1: Tên loại | C1: Tỷ lệ hoa hồng
A2: CC | B2: Căn hộ chung cư | C2: 0.02
A3: NP | B3: Nhà phố | C3: 0.015
A4: BT | B4: Biệt thự | C4: 0.01
A5: DT | B5: Đất nền | C5: 0.025

Sheet GiaDinh
A1: Tham số | B1: Giá trị | C1: Ghi chú
A2: Tỷ suất giá thuê / tháng | B2: 0.004 | C2: GIẢ ĐỊNH minh họa: 0,4% giá sau chiết khấu mỗi tháng
A3: Chiết khấu đấu giá sớm | B3: 0.05 | C3: GIẢ ĐỊNH minh họa: tham khảo, thay bằng số của giảng viên/dự án
A4: Ghi chú | C4: Ô chữ xanh = ô nhập liệu; đổi ở đây, các bảng tự tính lại
